No,JapaneseName,ScientificName,AuthorYear,Rank
1,ニホンフサヤスデ属,Eudigraphis,"Silvestri, 1948",genus
2,シノハラフサヤスデ属,Polyxenus,"Latzel, 1884",genus
3,リュウキュウフサヤスデ属,Lophoturus,"Brölemann, 1931",genus
4,タマヤスデ属,Hyleoglomeris,"Verhoeff, 1910",genus
5,-,Glomeris,"Latreille, 1802",genus
6,ヒラタヤスデ属,Brachycybe,"Wood, 1864",genus
7,アカヒラタヤスデ属,Symphyopleurium,"Attems, 1951",genus
8,ヤマシナヒラタヤスデ属,Yamasinaium,"Verhoeff, 1939",genus
9,-,Angarozonium,"Shelley, 1998",genus
10,ジヤスデ属,Rhinotus,"Cook, 1896",genus
11,ツクシヤスデ属,Kiusiozonium,"Verhoeff, 1941",genus
12,イトヤスデ属,Orsiboe,"Attems, 1909",genus
13,ホラケヤスデ属,Speophilosoma,"Takakuwa, 1949",genus
14,オオトゲヤスデ属,Macrochaeteuma,"Verhoeff, 1914",genus
15,クラサワトゲヤスデ属,Niponiosoma,"Verhoeff, 1941",genus
16,シロケヤスデ属,Japanoparvus,"Shear, Tanabe & Tsurusaki, 1997",genus
17,ヤリヤスデ属,Japanosoma,"Verhoeff, 1914",genus
18,タカネヤリヤスデ属,Yasudatyla,"Shear & Tsurusaki, 1995",genus
19,ミコシヤスデ属,Diplomaragna,"Attems, 1907",genus
20,-,Sakhalineuma,"Golovatch, 1976",genus
21,クロイワヤスデ属,Pterygostegia,"Miyosi, 1958",genus
22,フトケヤスデ属,Tokyosoma,"Verhoeff, 1929",genus
23,ヒメケヤスデ属,Nipponothrix,"Shear & Tanabe, 1994",genus
24,-,Underwoodia,"Cook & Collins, 1895",genus
25,アマビコヤスデ属,Riukiaria,"Attems, 1938",genus
26,タカクワヤスデ属,Xystodesmus,"Cook in Cook & Collins, 1895",genus
27,ヤマンバヤスデ属,Levizonus,"Attems, 1898",genus
28,-,Rhysodesmus,"Cook in Cook & Collins, 1895",genus
29,ババヤスデ属,Parafontaria,"Verhoeff, 1936",genus
30,マクラギヤスデ属,Niponia,"Verhoeff, 1931",genus
31,シロハダヤスデ属,Kiusiunum,"Verhoeff, 1942",genus
32,-,Osa,"Kishida, 1927",genus
33,エリヤスデ属,Eutrichodesmus,"Silvestri, 1910",genus
34,キレコミヤスデ属,Prosopodesmus,"Silvestri, 1910",genus
35,ノコギリヤスデ属,Prionomatis,"Miyosi, 1956",genus
36,オビヤスデ属,Epanerchodus,"Attems, 1901",genus
37,モトオビヤスデ属,Polydesmus,"Latreille, 1802",genus
38,ニホンオビヤスデ属,Nipponesmus,"Chamberlin & Wang, 1953",genus
39,-,Uniramidesmus,"Golovatch in Golovatch & Mikhaljova, 1979",genus
40,ハガヤスデ属,Ampelodesmus,"Miyosi, 1956",genus
41,コブヤスデ属,Pseudocatapyrgodesmus,"Miyosi, 1957",genus
42,オウギヤスデ属,Cryptocorypha,"Attems, 1907",genus
43,ヒメオビヤスデ属,Corypholophus,"Attems, 1938",genus
44,ダケヤスデ属,Aponedyopus,"Verhoeff, 1939",genus
45,トサカヤスデ属,Chamberlinius,"Wang, 1956",genus
46,ミイツヤスデ属,Riukiupeltis,"Verhoeff, 1939",genus
47,モリヤスデ属,Haplogonosoma,"Brölemann, 1916",genus
48,アカヤスデ属,Nedyopus,"Attems, 1914",genus
49,-,Strongylosoma,"Brandt, 1833",genus
50,キベリヤケヤスデ属,Asiomorpha,"Verhoeff, 1939",genus
51,-,Orthomorpha,"Bollman, 1893",genus
52,ジーケルヤスデ属,Cawjeekelia,"Golovatch, 1980",genus
53,-,Orthomorphella,"Hoffman, 1963",genus
54,ヤケヤスデ属,Oxidus,"Cook, 1911",genus
55,インドケヤスデ属,Chondromorpha,"Silvestri, 1897",genus
56,ネジアシヤスデ属,Helicorthomorpha,"Attems, 1914",genus
57,マルヤスデ属,Spirobolus,"Brandt, 1833",genus
58,タカクワカグヤヤスデ属,Paraspirobolus,"Brölemann, 1902",genus
59,マガイカグヤヤスデ属,Pseudospirobolellus,"Carl, 1912",genus
60,ミナミヤスデ属,Trigoniulus,"Pocock, 1894",genus
61,ヒゲヤスデ属,Nannolene,"Bollman, 1887",genus
62,ヒモヤスデ属,Dolichoglyphius,"Verhoeff, 1938",genus
63,ヤハズヤスデ属,Glyphiulus,"Gervais, 1847",genus
64,ヒロウミヤスデ属,Okeanobates,"Verhoeff, 1939",genus
65,ヨシダヒメヤスデ属,Yosidaiulus,"Takakuwa, 1940",genus
66,フジヤスデ属,Anaulaciulus,"Pocock, 1895",genus
67,クロオナガヒメヤスデ属,Nepalmatoiulus,"Mauriès, 1983",genus
68,フジヤスデモドキ属,Japanioiulus,"Verhoeff, 1937",genus
69,-,Cylindroiulus,"Verhoeff, 1894",genus
70,タテウネホラヤスデ属,Antrokoreana,"Verhoeff, 1938",genus
71,ネンジュヤスデ属,Sinostemmiulus,"Chamberlin & Wang, 1953",genus
72,イチハシヤスデ属,Dasynemasoma,"Murakami, 1979",genus
73,ホソヤスデ属,Orinisobates,"Lohmander, 1933",genus
74,エゾヒメヤスデ属,Pseudonemasoma,"Enghoff, 1991",genus
75,（ホタルヒメヤスデ属）,Kopidoiulus,"Attems, 1909",genus
76,イカホヒメヤスデ属,Ikahoiulus,"Takakuwa, 1941",genus
77,リュウガヤスデ属,Skleroprotopus,"Attems, 1901",genus
78,ウエノヤスデ属,Uenoiulus,"Murakami, 1971",genus
79,クロヒメヤスデ属,Karteroiulus,"Attems, 1909",genus
80,フサヤスデ科,Polyxenidae,"Lucas, 1840",family
81,リュウキュウフサヤスデ科,Lophoproctidae,"Silvestri, 1897",family
82,タマヤスデ科,Glomeridae,"Leach, 1816",family
83,ギボウシヤスデ科,Siphonophoridae,"Newport, 1844",family
84,ヒラタヤスデ科,Andrognathidae,"Cope, 1869",family
85,-,Polyzoniidae,"Gervais, 1844",family
86,ジヤスデ科,Siphonotidae,"Cook in Cook & Collins, 1895",family
87,イトヤスデ科,Hirudisomatidae,"Silvestri, 1896",family
88,ホラケヤスデ科,Speophilosomatidae,"Takakuwa, 1949",family
89,-,Macrochaeteumatidae,"Verhoeff, 1914",family
90,クラサワトゲヤスデ科,Niponiosomatidae,"Verhoeff, 1941",family
91,シロケヤスデ科,Hoffmaneumatidae,"Golovatch, 1978",family
92,ヤリヤスデ科,Conotylidae,"Cook, 1896",family
93,ミコシヤスデ科,Diplomaragnidae,"Attems, 1907",family
94,ヒメケヤスデ科,Metopidiotrichidae,"Attems, 1907",family
95,-,Caseyidae,"Verhoeff, 1909",family
96,ババヤスデ科,Xystodesmidae,"Cook in Cook & Collins, 1895",family
97,シロハダヤスデ科,Cryptodesmidae,"Karsch, 1880",family
98,エリヤスデ科,Haplodesmidae,"Cook in Cook & Collins, 1895",family
99,オビヤスデ科,Polydesmidae,"Leach, 1816",family
100,ハガヤスデ科,Pyrgodesmidae,"Silvestri, 1896",family
101,ヒメオビヤスデ科,Opisotretidae,"Hoffman, 1980",family
102,ヤケヤスデ科,Paradoxosomatidae,"Daday, 1889",family
103,マルヤスデ科,Spirobolidae,"Bollman, 1893",family
104,カグヤヤスデ科,Spirobolellidae,"Brölemann, 1913",family
105,マガイカグヤヤスデ科,Pseudospirobolellidae,"Brölemann, 1913",family
106,ミナミヤスデ科,Pachybolidae,"Cook, 1897",family
107,ヒゲヤスデ科,Cambalidae,"Bollman, 1893",family
108,ヒモヤスデ科,Cambalopsidae,"Cook in Cook & Collins, 1895",family
109,ヒロウミヤスデ科,Okeanobatidae,"Verhoeff, 1942",family
110,ヒメヤスデ科,Julidae,"Leach, 1816",family
111,カザアナヤスデ科,Nemasomatidae,"Bollman, 1893",family
112,エゾヒメヤスデ科,Pseudonemasomatidae,"Enghoff, 1991",family
113,ホタルヤスデ科,Mongoliulidae,"Pocock, 1903",family
114,クロヒメヤスデ科,Parajulidae,"Bollman, 1893",family
115,フサヤスデ目,Polyxenida,"Verhoeff, 1934",order
116,タマヤスデ目,Glomerida,"Cook in Cook & Collins, 1895",order
117,ギボウシヤスデ目,Siphonophorida,"Hoffman, 1969",order
118,ヒラタヤスデ目,Platydesmida,"Cook in Cook & Collins, 1895",order
119,-,Siphonocryptida,"Cook in Cook & Collins, 1895",order
120,ジヤスデ目,Polyzoniida,"Cook in Cook & Collins, 1895",order
121,ツムギヤスデ目,Chordeumatida,"Cook & Collins in Pocock, 1894",order
122,オビヤスデ目,Polydesmida,"Pocock, 1887",order
123,マルヤスデ目,Spirobolida,"Cook in Cook & Collins, 1895",order
124,ヒキツリヤスデ目,Spirostreptida,"Brandt, 1833",order
125,ヒメヤスデ目,Julida,"Brandt, 1833",order
126,ハイイロフサヤスデ,Eudigraphis kinutensis,"(Haga in Takashima & Haga, 1950)",species
127,イソフサヤスデ,Eudigraphis nigricans,"(Miyosi, 1947)",species
128,ウスアカフサヤスデ,Eudigraphis takakuwai,"(Miyosi, 1947)",species
129,シノハラフサヤスデ,Polyxenus shinoharai,"Ishii, 1983",species
130,タムラフサヤスデ,Polyxenus tamurai,"Ishii, 2023",species
131,リュウキュウフサヤスデ,Lophoturus okinawai,"Nguyen Duy-Jacquemin & Condé, 1982",species
132,アワウミタマヤスデ,Hyleoglomeris awaumi,"Kuroda, Susukida & Eguchi in Kuroda, Susukida, Sakamoto, Tsukamoto, Nguyen, Oguri & Eguchi, 2022",species
133,ミクニタマヤスデ,Hyleoglomeris insularum,"Verhoeff, 1936",species
134,ヤマトタマヤスデ,Hyleoglomeris japonica,"Verhoeff, 1936",species
135,シロヘリタマヤスデ,Hyleoglomeris lucida,"Haga in Takashima & Haga, 1956",species
136,マギータマヤスデ,Hyleoglomeris magy,"Nakama, Nakamura, Tatsuta & Korsós, 2022",species
137,トサタマヤスデ,Hyleoglomeris nigra,"Verhoeff, 1942",species
138,エリジロタマヤスデ,Hyleoglomeris sakamotoensis,"Takano, 1981",species
139,フイリタマヤスデ,Hyleoglomeris stuxbergi,"(Attems, 1909)",species
140,カントウタマヤスデ,Hyleoglomeris sulcata,"Verhoeff, 1942",species
141,ユキジロタマヤスデ,Hyleoglomeris triangularis,"Haga, 1968",species
142,ウエノタマヤスデ,Hyleoglomeris uenoi,"Miyosi, 1955",species
143,ヤマシナタマヤスデ,Hyleoglomeris yamashinai,"Verhoeff, 1937",species
144,タマヤスデ,Glomeris nipponica,"Kishida, 1927",species
145,ヒラタヤスデ,Brachycybe nodulosa,"(Verhoeff, 1935)",species
146,-,Symphyopleurium aeruginosum,"Attems, 1951",species
147,アカヒラタヤスデ,Symphyopleurium hirsutum,"(Verhoeff, 1935)",species
148,ベニヒラタヤスデ,Symphyopleurium roseum,"(Verhoeff, 1935)",species
149,タマモヒラタヤスデ,Symphyopleurium okazakii,"(Takakuwa, 1942)",species
150,ヤマシナヒラタヤスデ,Yamasinaium noduligerum,"Verhoeff, 1939",species
151,-,Angarozonium aduncum,"(Mikhaljova in Mikhaljova & Basarukin, 1996)",species
152,ボウニンジヤスデ,Rhinotus okabei,"(Takakuwa, 1942)",species
153,ツクシヤスデ,Kiusiozonium japonicum,"Verhoeff, 1941",species
154,オカツクシヤスデ,Kiusiozonium okai,"(Takakuwa & Miyosi, 1949)",species
155,イトヤスデ,Orsiboe ichigomensis,"Attems, 1909",species
156,（フゲンジイトヤスデ）,Orsiboe putricola,"Attems, 1951",species
157,アキヨシホラケヤスデ,Speophilosoma akiyoshiense,"Miyosi, 1958",species
158,コヤマホラケヤスデ,Speophilosoma koyama,"Shear, Tsurusaki & Tanabe, 1994",species
159,ホラケヤスデ,Speophilosoma montanum,"Takakuwa, 1949",species
160,タカナワホラケヤスデ,Speophilosoma takanawa,"Shear, Tsurusaki & Tanabe, 1994",species
161,トットリホラケヤスデ,Speophilosoma tottoriense,"Shear, Tsurusaki & Tanabe, 1994",species
162,オオトゲヤスデ,Macrochaeteuma sauteri,"Verhoeff, 1914",species
163,サカタヤスデ,Niponiosoma morikawai,"(Miyosi, 1958)",species
164,クラサワトゲヤスデ,Niponiosoma troglodytes,"Verhoeff, 1941",species
165,-,Japanoparvus hiroshimaensis,"Shear, Tanabe & Tsurusaki, 1997",species
166,オカシロケヤスデ,Japanoparvus okai,"Shear, Tanabe & Tsurusaki, 1997",species
167,-,Japanoparvus tsurugiensis,"Shear, Tanabe & Tsurusaki, 1997",species
168,ヤリヤスデ,Japanosoma scabrum,"Verhoeff, 1914",species
169,-,Yasudatyla hidakaensis,"Shear & Tsurusaki, 1995",species
170,-,Yasudatyla kurilensis,"Mikhaljova, 2015",species
171,-,Yasudatyla shariensis,"Shear & Tsurusaki, 1995",species
172,-,Yasudatyla yasudai,"Shear & Tsurusaki, 1995",species
173,ミコシヤスデ,Diplomaragna gracilipes,"(Verhoeff, 1914)",species
174,エゾミコシヤスデ,Diplomaragna hokkaidensis,"(Verhoeff, 1939)",species
175,-,Diplomaragna tsurusakii,"Shear, 1990",species
176,-,Sakhalineuma tuberculatum,"(Mikhaljova, 1995)",species
177,-,Sakhalineuma curvatum,"(Mikhaljova, 1995)",species
178,メナシクロイワヤスデ,Pterygostegia anops,"Murakami & Kawasawa, 1976",species
179,トサクロイワヤスデ,Pterygostegia grandilobata,"Murakami & Kawasawa, 1976",species
180,クロイワヤスデ,Pterygostegia kuroiwadensis,"Miyosi, 1958",species
181,ナナメクロイワヤスデ,Pterygostegia obliqua,"Murakami & Kawasawa, 1975",species
182,カツレンフトケヤスデ,Tokyosoma flexuosum,"Mikhaljova & Korsós, 2015",species
183,シナノヤスデ,Tokyosoma inflatum,"(Verhoeff, 1942)",species
184,フトケヤスデ,Tokyosoma takakuwai,"Verhoeff, 1929",species
185,ヒメケヤスデ,Nipponothrix aculeus,"Shear & Tanabe, 1994",species
186,-,Nipponothrix yuwandake,"Shear & Tanabe, 1994",species
187,-,Underwoodia kurtschevae,"Golovatch, 1980",species
188,コケイロアマビコヤスデ,Riukiaria anachoreta,"Tanabe, 1988",species
189,フタマタアマビコヤスデ,Riukiaria bifida,"(Takakuwa, 1942)",species
190,ヤットコアマビコヤスデ,Riukiaria chelifer,"(Takakuwa, 1941)",species
191,カマトゲアマビコヤスデ,Riukiaria cornuta,"(Haga, 1968)",species
192,ダテアマビコヤスデ,Riukiaria datei,"(Miyosi, 1957)",species
193,エダウチアマビコヤスデ,Riukiaria diacantha,"(Miyosi, 1952)",species
194,（クロオキナワアマビコヤスデ）,Riukiaria falcifera,"Verhoeff, 1936",species
195,ハチヒゲアマビコヤスデ,Riukiaria geniculata,"(Takakuwa, 1941)",species
196,ホルストアマビコヤスデ,Riukiaria holstii,"(Pocock, 1895)",species
197,-,Riukiaria jamila,"Tanabe, 1990",species
198,タネガシマアマビコヤスデ,Riukiaria maculata,"Korsós, Nakamura & Tanabe, 2011",species
199,-,Riukiaria marinae,"(Golovatch, 1978)",species
200,キベリヤスデ,Riukiaria montana,"Haga, 1968",species
201,ヨナグニアマビコヤスデ,Riukiaria mundyi,"Korsós, Nakamura & Tanabe, 2011",species
202,ポコックアマビコヤスデ,Riukiaria neptuna,"(Pocock, 1895)",species
203,キイロアマビコヤスデ,Riukiaria puella,"Tanabe, 1988",species
204,オキナワアマビコヤスデ,Riukiaria pugionifera,"Verhoeff, 1936",species
205,-,Riukiaria rosulans,"(Tömösváry, 1885)",species
206,アマミアマビコヤスデ,Riukiaria scutata,"(Takakuwa, 1942)",species
207,アマビコヤスデ,Riukiaria semicircularis,"(Takakuwa, 1941)",species
208,アマビコヤスデ,Riukiaria semicircularis semicircularis,"(Takakuwa, 1941)",subspecies
209,ホシデアマビコヤスデ,Riukiaria semicircularis hosidei,"(Miyosi, 1952)",subspecies
210,コバアマビコヤスデ,Riukiaria spiralipes,"(Takakuwa, 1942)",species
211,トゲサキアマビコヤスデ,Riukiaria uncata,"(Haga, 1968)",species
212,-,Xystodesmus fasciatus,"Korsós & Nakamura, 2025",species
213,トリデヤスデ,Xystodesmus gracilipes,"(Takakuwa, 1943)",species
214,-,Xystodesmus keramae,"Korsós & Nakamura, 2025",species
215,-,Xystodesmus kumamotoensis,"Korsós & Nakamura, 2025",species
216,-,Xystodesmus kumeensis,"Korsós & Nakamura, 2025",species
217,タカクワヤスデ,Xystodesmus martensii,"(Peters, 1864)",species
218,ニッコウヤスデ,Xystodesmus nikkoensis,"(Chamberlin & Wang, 1953)",species
219,-,Xystodesmus parvus,"Korsós & Nakamura, 2025",species
220,-,Xystodesmus rebekae,"Korsós & Nakamura, 2025",species
221,（トリヅアオヤスデ）,Xystodesmus saltuosus,"(Haga, 1968)",species
222,キタヤマタカクワヤスデ,Xystodesmus serrulatus,"(Miyosi, 1952)",species
223,-,Xystodesmus sesokoensis,"Korsós & Nakamura, 2025",species
224,（シロウズアマビコヤスデ）,Xystodesmus shirozui,"(Takakuwa, 1942)",species
225,-,Xystodesmus tokaiensis,"Tanabe & Shinohara, 1996",species
226,（リュウキュウアマビコヤスデ）,Xystodesmus variatus,"(Pocock, 1895)",species
227,アカホシタカクワヤスデ,Xystodesmus yamamiensis,"Masuda, 2001",species
228,エゾヤマンバヤスデ,Levizonus montanus,"(Takakuwa, 1941)",species
229,キタヤスデ,Levizonus takakuwai,"(Verhoeff, 1941)",species
230,トゲトゲアオヤスデ,Rhysodesmus spinosissimus,"Miyosi, 1952",species
231,ミカワババヤスデ,Parafontaria crenata,"Shinohara, 1986",species
232,シモツケババヤスデ,Parafontaria doenitzi,"(Karsch, 1880)",species
233,アカババヤスデ,Parafontaria erythrosoma,"(Takakuwa, 1942)",species
234,ヘラババヤスデ,Parafontaria falcifera,"(Verhoeff, 1936)",species
235,トラフババヤスデ,Parafontaria ishiii,"Shinohara, 1986",species
236,オビババヤスデ,Parafontaria laminata,"(Attems, 1909)",species
237,ヒダババヤスデ,Parafontaria longa,"Shinohara, 1986",species
238,シライワババヤスデ,Parafontaria shiraiwaensis,"Shinohara, 1986",species
239,イヨヘラババヤスデ,Parafontaria spathulata,"(Miyosi, 1951)",species
240,コトブキババヤスデ,Parafontaria takakuwai,"(Shinohara in Takashima & Shinohara, 1957)",species
241,フトハシババヤスデ,Parafontaria terminalis,"(Takakuwa, 1942)",species
242,-,Parafontaria tokaiensis,"Tanabe, 2002",species
243,ミドリババヤスデ,Parafontaria tonominea,"(Attems, 1899)",species complex
244,マクラギヤスデ,Niponia nodulosa,"Verhoeff, 1931",species
245,ケナガシロハダヤスデ,Kiusiunum longisetum,"Miyosi, 1958",species
246,ノコバシロハダヤスデ,Kiusiunum melancholicum,"(Miyosi, 1952)",species
247,シロハダヤスデ,Kiusiunum nodulosum,"Verhoeff, 1942",species
248,ヤクシロハダヤスデ,Kiusiunum sekii,"Miyosi, 1958",species
249,トサシロハダヤスデ,Kiusiunum verrucosum,"(Miyosi, 1955)",species
250,シロヲサヤスデ,Osa nivea,"Kishida, 1927",species
251,ヒメヨロイヤスデ,Eutrichodesmus armatus,"(Miyosi, 1951)",species
252,ウチカケヤスデ,Eutrichodesmus elegans,"(Miyosi, 1956)",species
253,タメトモヤスデ,Eutrichodesmus nodulosus,"(Verhoeff, 1939)",species
254,ヒラオヤスデ,Eutrichodesmus peculiaris,"(Murakami, 1966)",species
255,カブトヒラオヤスデ,Eutrichodesmus silvaticus,"(Haga, 1968)",species
256,マガリキレコミヤスデ,Prosopodesmus similis,"(Haga, 1968)",species
257,キレコミヤスデ,Prosopodesmus sinuatus,"(Miyosi, 1958)",species
258,アライノコギリヤスデ,Prionomatis araii,"Murakami & Irie, 1976",species
259,イリエノコギリヤスデ,Prionomatis iriei,"Murakami, 1974",species
260,ノコギリヤスデ,Prionomatis karyudense,"Miyosi, 1956",species
261,チビノコギリヤスデ,Prionomatis minutissimum,"Murakami, & Irie, 1976",species
262,ツブアカノコギリヤスデ,Prionomatis milabilis,"Haga, 1968",species
263,イシカワノコギリヤスデ,Prionomatis nanaoredense,"Miyosi, 1956",species
264,イシカワノコギリヤスデ,Prionomatis nanaoredense nanaoredense,"Miyosi, 1956",subspecies
265,ソヨウノコギリヤスデ,Prionomatis nanaoredense elongatum,"Murakami & Irie, 1975",subspecies
266,ツバキノコギリヤスデ,Prionomatis nanaoredense incisum,"Murakami & Irie, 1975",subspecies
267,クボタノコギリヤスデ,Prionomatis nanatugamense,"Miyosi, 1956",species
268,トビグチノコギリヤスデ,Prionomatis nivale,"Haga, 1968",species
269,ノムラノコギリヤスデ,Prionomatis nomurai,"Miyosi, 1956",species
270,ツノノコギリヤスデ,Prionomatis subcornigerum,"Murakami & Irie, 1974",species
271,イヨノコギリヤスデ,Prionomatis tetsuoi,"Murakami, 1976",species
272,ウエノノコギリヤスデ,Prionomatis uenoi,"Murakami, 1974",species
273,ゴトウノコギリヤスデ,Prionomatis verrucosum,"Murakami, 1971",species
274,フモトオビヤスデ,Epanerchodus acer,"Takakuwa, 1954",species
275,キイオビヤスデ,Epanerchodus aculeatus,"Miyosi, 1954",species
276,リュウオビヤスデ,Epanerchodus acuticlivus,"Murakami, 1970",species
277,アジロオビヤスデ,Epanerchodus albulus,"Verhoeff, 1942",species
278,ツノオビヤスデ,Epanerchodus alcicornis,"Miyosi, 1955",species
279,イズオビヤスデ,Epanerchodus angulatus,"Murakami, 1970",species
280,サルダオビヤスデ,Epanerchodus applanatus,"Miyosi, 1955",species
281,ホシオビヤスデ,Epanerchodus aster,"Murakami, 1970",species
282,ゼンジョウオビヤスデ,Epanerchodus biaduncus,"Murakami, 1969",species
283,フタバオビヤスデ,Epanerchodus bidens,"Takakuwa, 1954",species
284,ハサミオビヤスデ,Epanerchodus celsus,"Haga, 1968",species
285,チチブオビヤスデ,Epanerchodus chichibensis,"Haga in Takashima & Haga, 1956",species
286,-,Epanerchodus cuspidatus,"Mikhaljova, 1996",species
287,エトウオビヤスデ,Epanerchodus etoi,"Miyosi, 1955",species
288,エトウオビヤスデ,Epanerchodus etoi etoi,"Miyosi, 1955",subspecies
289,ブンゴオビヤスデ,Epanerchodus etoi bungonis,"Murakami, 1973",subspecies
290,チビクビオビヤスデ,Epanerchodus fulvus,"Haga in Takashima & Haga, 1956",species
291,ムシロオビヤスデ,Epanerchodus fontium,"Verhoeff, 1940",species
292,ツチオビヤスデ,Epanerchodus furculiger,"Verhoeff, 1937",species
293,イボオビヤスデ,Epanerchodus gibbosus,"Takakuwa, 1954",species
294,ホソオビヤスデ,Epanerchodus gracilis,"Takakuwa, 1954",species
295,カギオビヤスデ,Epanerchodus hamatus,"Miyosi, 1951",species
296,キレコミオビヤスデ,Epanerchodus incilis,"Murakami, 1973",species
297,ホラズミオビヤスデ,Epanerchodus inferus,"Verhoeff, 1940",species
298,チクゼンオビヤスデ,Epanerchodus invisitatus,"Haga, 1968",species
299,イシダオビヤスデ,Epanerchodus ishidai,"Haga in Takashima & Haga, 1956",species
300,リュウガオビヤスデ,Epanerchodus isikawai,"Verhoeff, 1941",species
301,イエゲルオビヤスデ,Epanerchodus jaegerskioeldi,"(Attems, 1909)",species
302,イエゲルオビヤスデ,Epanerchodus jaegerskioeldi jaegerskioeldi,"(Attems, 1909)",subspecies
303,チビオビヤスデ,Epanerchodus jaegerskioeldi insularum,"Verhoeff, 1937",subspecies
304,ヤマトオビヤスデ,Epanerchodus japonicus,"(Carl, 1902)",species
305,カジモトオビヤスデ,Epanerchodus kajimotoi,"Murakami & Kawasawa, 1975",species
306,カワサワオビヤスデ,Epanerchodus kawasawai,"Murakami, 1971",species
307,キウチオビヤスデ,Epanerchodus kiuchii,"Murakami, 1969",species
308,ユウキオビヤスデ,Epanerchodus koreanus,"Verhoeff, 1937",species
309,-,Epanerchodus kunashiricus,"Mikhaljova, 1988",species
310,ヒメシロオビヤスデ,Epanerchodus lacteus,"Shinohara, 1958",species
311,アナイワオビヤスデ,Epanerchodus lamellatus,"Murakami, 1972",species
312,ヘルヘフオビヤスデ,Epanerchodus lobatus,"Verhoeff, 1941",species
313,ナガオビヤスデ,Epanerchodus longus,"Haga in Takashima & Haga, 1956",species
314,フジオビヤスデ,Epanerchodus mammillatus,"(Attems, 1901)",species
315,トウゲンオビヤスデ,Epanerchodus masatakai,"Murakami, 1970",species
316,マトバオビヤスデ,Epanerchodus matobai,"Murakami, 1972",species
317,ミヨシオビヤスデ,Epanerchodus miyosii,"Takakuwa, 1954",species
318,ミズシマオビヤスデ,Epanerchodus mizushimai,"Murakami, 1972",species
319,キタオビヤスデ,Epanerchodus nitidus,"Takakuwa, 1954",species
320,ノムラオビヤスデ,Epanerchodus nomurai,"Haga in Takashima & Haga, 1956",species
321,ナナメオビヤスデ,Epanerchodus obliquitruncatus,"Takakuwa, 1954",species
322,ニブオビヤスデ,Epanerchodus obtusus,"Takakuwa, 1954",species
323,オオルイオビヤスデ,Epanerchodus ohruii,"Murakami, 1995",species
324,ジャアナオビヤスデ,Epanerchodus okamotoi,"Murakami, 1968",species
325,ヒガシオビヤスデ,Epanerchodus orientalis,"(Attems, 1901)",species
326,カホクオビヤスデ,Epanerchodus papillosus,"Murakami, 1972",species
327,ミズイデオビヤスデ,Epanerchodus porrectus,"Murakami, 1968",species
328,クチバシオビヤスデ,Epanerchodus rostralis,"Murakami, 1973",species
329,ウスアカオビヤスデ,Epanerchodus sanctus,"Miyosi, 1951",species
330,サラオビヤスデ,Epanerchodus saragaminensis,"Miyosi, 1951",species
331,ササオビヤスデ,Epanerchodus sasagaminensis,"Murakami, 1966",species
332,フトトゲオビヤスデ,Epanerchodus satoi,"Takakuwa, 1954",species
333,ノコバオビヤスデ,Epanerchodus serratus,"Takakuwa, 1954",species
334,シラクラオビヤスデ,Epanerchodus shirakurai,"Miyosi, 1955",species
335,ミタケオビヤスデ,Epanerchodus simplex,"Takakuwa, 1954",species
336,コンピラオビヤスデ,Epanerchodus simplicicornutus,"Miyosi, 1955",species
337,ショウブオビヤスデ,Epanerchodus spinosus,"Miyosi, 1955",species
338,ホラオビヤスデ,Epanerchodus subterraneus,"Verhoeff, 1938",species
339,ウエノオビヤスデ,Epanerchodus sulcatus,"Miyosi, 1954",species
340,コマカドオビヤスデ,Epanerchodus takashimai,"Haga in Takashima & Haga, 1956",species
341,タンバオビヤスデ,Epanerchodus tambanus,"(Attems, 1901)",species
342,クビオビヤスデ,Epanerchodus tenuis,"Takakuwa, 1954",species
343,トワダオビヤスデ,Epanerchodus towadaensis,"Shinohara in Takashima & Shinohara, 1957",species
344,ノトオビヤスデ,Epanerchodus tremorum,"Verhoeff, 1940",species
345,ミツマタオビヤスデ,Epanerchodus triramus,"Miyosi, 1952",species
346,イシイオビヤスデ,Epanerchodus tubakisanus,"Miyosi, 1955",species
347,サンポウオビヤスデ,Epanerchodus unispinatus,"Murakami, 1971",species
348,ワカミヤオビヤスデ,Epanerchodus wakamiyadensis,"Miyosi, 1955",species
349,ナラオビヤスデ,Epanerchodus yamatensis,"Haga in Takashima & Haga, 1956",species
350,ヨシダオビヤスデ,Epanerchodus yoshidai,"Haga in Takashima & Haga, 1956",species
351,ヨシイオビヤスデ,Epanerchodus yosiianus,"Miyosi, 1955",species
352,ヨウザワオビヤスデ,Epanerchodus yozawanus,"Murakami, 1995",species
353,ニホンモトオビヤスデ,Polydesmus japonicus,"Miyosi, 1955",species
354,ミヨシモトオビヤスデ,Polydesmus miyosii,"Murakami, 1966",species
355,エラブモトオビヤスデ,Polydesmus tanakai,"Murakami, 1970",species
356,タンゴニホンオビヤスデ,Nipponesmus tangonis,"(Murakami, 1973)",species
357,-,Uniramidesmus septimus,"Mikhaljova, 1990",species
358,ツノハガヤスデ,Ampelodesmus corniger,"Murakami, 1964",species
359,ハガヤスデ,Ampelodesmus granulosus,"Miyosi, 1956",species
360,イヨハガヤスデ,Ampelodesmus iyonis,"Murakami, 1964",species
361,コブヤスデ,Pseudocatapyrgodesmus glaucus,"Miyosi, 1957",species
362,オウギヤスデ,Cryptocorypha japonica,"(Miyosi, 1957)",species
363,クマモトオウギヤスデ,Cryptocorypha kumamotensis,"(Murakami, 1966)",species
364,リュウキュウヒメオビヤスデ,Corypholophus ryukyuensis,"Murakami, 1975",species
365,ダケヤスデ,Aponedyopus montanus,"Verhoeff, 1939",species
366,ヤンバルトサカヤスデ,Chamberlinius hualienensis,"Wang, 1956",species
367,（イシガキミイツヤスデ）,Chamberlinius uenoi,"(Murakami, 1975)",species
368,ミイツヤスデ,Riukiupeltis jamashinai,"Verhoeff, 1939",species
369,ムツモリヤスデ,Haplogonosoma implicatum,"Brölemann, 1916",species
370,モリヤスデ,Haplogonosoma silvestre,"Takakuwa, 1942",species
371,ボウニンアカヤスデ,Nedyopus boninensis,"Verhoeff, 1940",species
372,ヒブリアカヤスデ,Nedyopus hiburizimensis,"Miyosi, 1955",species
373,ヒブリアカヤスデ,Nedyopus hiburizimensis hiburizimensis,"Miyosi, 1955",subspecies
374,クロアカヤスデ,Nedyopus hiburizimensis aquilus,"Haga, 1968",subspecies
375,ヤマトアカヤスデ,Nedyopus patrioticus,"(Attems, 1898)",species
376,ヤマトアカヤスデ,Nedyopus patrioticus patrioticus,"(Attems, 1898)",subspecies
377,タンバアカヤスデ,Nedyopus tambanus,"(Attems, 1901)",species
378,タンバアカヤスデ,Nedyopus tambanus tambanus,"(Attems, 1901)",subspecies
379,イカホアカヤスデ,Nedyopus tambanus ikaonus,"(Attems, 1909)",subspecies
380,ウマガエシアカヤスデ,Nedyopus tambanus mangaesinus,"(Attems, 1909)",subspecies
381,タテオビアカヤスデ,Nedyopus venustus,"Shinohara, 1963",species
382,トビヤスデ,Strongylosoma attemsi,"Kishida, 1927",species
383,キベリヤケヤスデ,Asiomorpha coarctata,"(de Saussure, 1860)",species
384,トサカヤケヤスデ,Orthomorpha cristata,"Takakuwa, 1942",species
385,キリシマジーケルヤスデ,Cawjeekelia nordenskioeldi,"(Attems, 1909)",species
386,ペキンヤケヤスデ,Orthomorphella pekuensis,"(Karsch, 1881)",species
387,ヤケヤスデ,Oxidus gracilis,"(C. L. Koch, 1847)",species
388,マサキヤケヤスデ,Oxidus avia,"(Verhoeff, 1937)",species
389,リュウキュウヤケヤスデ,Oxidus riukiarius,"(Verhoeff, 1940)",species
390,インドケヤスデ,Chondromorpha xanthotricha,"(Attems, 1898)",species
391,ホルストネジアシヤスデ,Helicorthomorpha holstii,"(Pocock, 1895)",species
392,-,Strongylosoma japonicum,"Peters, 1864",species
393,ヤエヤママルヤスデ,Spirobolus akamma,"Kato, Takano, Nakano & Shimano, 2023",species
394,タカクワカグヤヤスデ,Paraspirobolus lucifugus,"(Gervais, 1836)",species
395,マガイカグヤヤスデ,Pseudospirobolellus avernus,"(Butler, 1876)",species
396,ミナミヤスデ,Trigoniulus corallinus,"(Gervais in Eydoux & Souleyet, 1842",species
397,サダエミナミヤスデ,Trigoniulus tertius,"Takakuwa, 1940",species
398,ヒゲヤスデ,Nannolene flagellata,"(Attems, 1909)",species
399,ヒモヤスデ,Dolichoglyphius asper,"Verhoeff, 1938",species
400,ヒモヤスデ,Dolichoglyphius asper asper,"Verhoeff, 1938",subspecies
401,クメジマヒモヤスデ,Dolichoglyphius asper brevipes,"Murakami, 1975",subspecies
402,リュウキュウヤハズヤスデ,Glyphiulus septentrionalis,"Murakami, 1975",species
403,ヒロウミヤスデ,Okeanobates serratus,"Verhoeff, 1939",species
404,シリキレヒメヤスデ,Nipponoiulus truncatus,"Kishida, 1927",species
405,ヨシダヒメヤスデ,Yosidaiulus tuberculatus,"Takakuwa, 1940",species
406,ヨシダヒメヤスデモドキ,Yosidaiulus serratus,"(Verhoeff, 1942)",species
407,トガリフジヤスデ,Anaulaciulus acutus,"(Takakuwa, 1941)",species
408,アテムスフジヤスデ,Anaulaciulus attemsii,"(Verhoeff, 1941)",species
409,サイゴクフジヤスデ,Anaulaciulus bilobus,"(Takakuwa, 1941)",species
410,ケフジヤスデ,Anaulaciulus capillatus,"(Takakuwa, 1941)",species
411,カドフジヤスデ,Anaulaciulus cornutus,"(Takakuwa, 1941)",species
412,ヒロサミフジヤスデ,Anaulaciulus hirosaminus,"(Attems, 1909)",species
413,サツマフジヤスデ,Anaulaciulus kiusiensis,"(Verhoeff, 1941)",species
414,コマツフジヤスデ,Anaulaciulus komatsui,"(Shinohara in Takashima & Shinohara, 1957)",species
415,クリタフジヤスデ,Anaulaciulus kuritai,"(Murakami, 1966)",species
416,ナガフジヤスデ,Anaulaciulus longus,"(Takakuwa, 1941)",species
417,オキナワフジヤスデ,Anaulaciulus okinawaensis,"Shinohara, 1990",species
418,ツメフジヤスデ,Anaulaciulus onychophora,"(Takakuwa, 1942)",species
419,フジヤスデ,Anaulaciulus pinetorum,"(Attems, 1909)",species
420,フジヤスデ,Anaulaciulus pinetorum pinetorum,"(Attems, 1909)",subspecies
421,マガイフジヤスデ,Anaulaciulus pinetorum nivalis,"(Verhoeff, 1941)",subspecies
422,シマフジヤスデ,Anaulaciulus quadratus,"(Takakuwa, 1941)",species
423,リュウガフジヤスデ,Anaulaciulus ryugadensis,"Shinohara, 1990",species
424,シモダフジヤスデ,Anaulaciulus simodanus,"(Takakuwa, 1941)",species
425,フェルヘフフジヤスデ,Anaulaciulus simplex,"(Verhoeff, 1936)",species
426,ミホトケフジヤスデ,Anaulaciulus takakuwai,"(Verhoeff, 1941)",species
427,タカノフジヤスデ,Anaulaciulus takanoi,"Shinohara, 1990",species
428,サンカクフジヤスデ,Anaulaciulus trigonalis,"(Takakuwa, 1941)",species
429,ヤマシナフジヤスデ,Anaulaciulus yamashinai,"(Verhoeff, 1939)",species
430,ヨシダフジヤスデ,Anaulaciulus yosidanus,"(Takakuwa, 1941)",species
431,ヤエヤマクロオナガヒメヤスデ,Nepalmatoiulus yaeyamaensis,"Korsós & Lazányi, 2013",species
432,フジヤスデモドキ,Japanioiulus lobatus,"Verhoeff, 1937",species
433,-,Cylindroiulus latistriatus,"(Curtis, 1845)",species
434,マガリタテウネホラヤスデ,Antrokoreana arcuata,"Murakami, 1969",species
435,アスワタテウネホラヤスデ,Antrokoreana asuwaensis,"Kato, Umemura & Nakano, 2022",species
436,ガモウタテウネホラヤスデ,Antrokoreana gamooi,"Takakuwa, 1941",species
437,グジョウタテウネホラヤスデ,Antrokoreana gujoensis,"Masuda, 2010",species
438,カザアナヤスデ,Antrokoreana takakuwai,"(Verhoeff, 1941)",species
439,カザアナヤスデ,Antrokoreana takakuwai takakuwai,"(Verhoeff, 1941)",subspecies
440,ミヤマタテウネホラヤスデ,Antrokoreana takakuwai sylvestris,"Shinohara, 1960",subspecies
441,ウエノホラヤスデ,Antrokoreana uenoi,"Haga in Takashima & Haga, 1956",species
442,カギタテウネホラヤスデ,Antrokoreana uncinata,"Murakami, 1969",species
443,ネンジュヤスデ,Sinostemmiulus japonicus,"Murakami, 1980",species
444,イチハシヤスデ,Dasynemasoma ichihashii,"Murakami, 1979",species
445,-,Orinisobates microthylax,"Enghoff, 1985",species
446,クナシリホソヤスデ,Orinisobates soror,"Enghoff, 1985",species
447,エゾヒメヤスデ,Pseudonemasoma femorotuberculata,"Enghoff, 1991",species
448,シロホタルヤスデ,Kopidoiulus albulus,"Haga in Takashima & Haga, 1956",species
449,ホタルヒメヤスデ,Kopidoiulus caecus,"Attems, 1909",species
450,ダイセツホタルヤスデ,Kopidoiulus longus,"Shinohara, 1963",species
451,ホタルヤスデ,Kopidoiulus ocellatus,"Takakuwa, 1940",species
452,アマガスホタルヤスデ,Kopidoiulus truncatus,"Murakami, 1990",species
453,イカホヒメヤスデ,Ikahoiulus leucosoma,"Takakuwa, 1941",species
454,チチブリュウガヤスデ,Skleroprotopus chichibuensis,"Shinohara, 1960",species
455,アシブトリュウガヤスデ,Skleroprotopus crassus,"Haga, 1968",species
456,ナガトリュウガヤスデ,Skleroprotopus ikedai,"Takakuwa, 1940",species
457,ナガトリュウガヤスデ,Skleroprotopus ikedai ikedai,"Takakuwa, 1940",subspecies
458,オキリュウガヤスデ,Skleroprotopus ikedai okiensis,"Takakuwa, 1940",subspecies
459,リュウガヤスデ,Skleroprotopus inferus,"Verhoeff, 1939",species
460,ツバキリュウガヤスデ,Skleroprotopus insularum,"Verhoeff, 1939",species
461,ヤマリュウガヤスデ,Skleroprotopus montanus,"Takakuwa, 1942",species
462,オオセリュウガヤスデ,Skleroprotopus osedoensis,"Miyosi, 1957",species
463,センブツヤスデ,Skleroprotopus platypodus,"(Miyosi, 1957)",species
464,ミミドリュウガヤスデ,Skleroprotopus sidegatakedensis,"Miyosi, 1957",species
465,イシヅチリュウガヤスデ,Skleroprotopus simplex,"Takakuwa, 1940",species
466,トリイリュウガヤスデ,Skleroprotopus toriii,"Takakuwa, 1940",species
467,ウエノヤスデ,Uenoiulus notabilis,"Murakami, 1971",species
468,クロヒメヤスデ,Karteroiulus niger,"Attems, 1909",species
